address_id;pesel;moved_date
1;7510170080231;2000-08-14
2;7409294874292;1996-02-08
3;6206123650157;1991-05-30
4;7607052338239;2002-05-14
5;6105288818237;1981-07-25
6;6201311712136;1981-07-23
7;6102186474241;1980-07-19
8;6810014834195;1994-09-21
9;7502168266273;1996-02-17
10;6707017222172;1994-05-31
11;7603277762271;2002-02-03
12;7904156574288;2001-09-22
13;7003117250150;1992-04-07
14;6908084570261;1990-03-12
15;6101070616168;1985-09-15
16;7710301384248;2004-10-31
17;6810141254228;1987-06-22
18;6203258366247;1985-10-26
19;6701036866247;1986-10-27
20;7904192440248;2001-11-09
21;6202268354230;1990-08-24
22;6604147316212;1994-12-09
23;6605264178293;1989-08-21
24;6902010168237;1996-01-23
25;6105267558253;1980-02-15
26;7802183708258;2004-12-23
27;6105247323175;1988-11-25
28;6006064641163;1981-03-18
29;7007075141178;1991-06-30
30;7006106189232;1997-04-09
31;6606214679271;1993-03-10
32;7911254485306;2001-07-29
33;6504205827201;1993-06-19
34;7906077029283;2003-02-20
35;7308300069236;2000-08-13
36;7605295621237;2002-01-28
37;6508236865251;1994-07-04
38;6908162585294;1991-03-03
39;7606055201170;1997-11-30
40;6005172711146;1983-05-11
41;6611112783222;1995-01-02
42;7702255351237;2000-08-22
43;6511252861221;1989-02-19
44;7207191331196;1997-11-15
45;6401187271241;1991-10-23
46;7612155213201;1995-08-09
47;7105290443217;1990-10-24
48;6307053253194;1986-06-21
49;7105261359249;1993-04-30
50;6911191321224;1999-08-06
50;7305314128210;1999-08-06
51;0024263246159;2028-07-02
52;6808230471231;1994-08-25
52;7001234504148;1994-08-25
53;9007268084272;2011-09-09
54;7309168053234;2004-04-30
54;7602151186269;2004-04-30
54;9601218408233;1996-01-21
55;002527221095;2025-05-12
56;6302192253223;1989-12-23
56;6607010362181;1989-12-23
57;9203181142217;2018-05-07
58;6404094861230;1987-09-05
58;6808144150213;1987-09-05
58;9307230288278;1993-07-23
59;9908074374307;2020-07-25
60;7605273027253;2006-11-11
60;7806015862223;2006-11-11
60;0526088138211;2005-06-08
61;7709164285293;2007-12-14
61;8004143386239;2007-12-14
61;0330108276170;2003-10-10
61;0522040424121;2005-02-04
61;0829203666200;2008-09-20
62;7802101857235;2006-02-04
62;8102201704137;2006-02-04
63;0031094578209;2029-05-19
62;0532092862191;2005-12-09
62;0923262386255;2009-03-26
62;112812610072;2011-08-12
64;7009306235181;1999-03-27
64;7306306006177;1999-03-27
64;9703020732195;1997-03-02
65;6911121551204;1992-02-15
65;7210083174237;1992-02-15
66;0122086312115;2021-12-25
65;0532043068193;2005-12-04
67;6206125427183;1995-01-03
67;6608170022194;1995-01-03
68;8607123720178;2011-01-28
67;8812086732255;1988-12-08
69;9311146814206;2016-11-25
67;9807277154306;1998-07-27
67;0227167510113;2002-07-16
67;0730284324193;2007-10-28
67;1226297074228;2012-06-29
67;1625036376209;2016-05-03
70;6909075067293;2000-03-21
70;7104096724208;2000-03-21
70;9303194748288;1993-03-19
70;9906201654250;1999-06-20
70;0332120586174;2003-12-12
70;0824196646240;2008-04-19
70;1323170726164;2013-03-17
70;1821224824170;2018-01-22
70;2330183388253;2023-10-18
70;2528041112122;2025-08-04
70;3027021666159;2030-07-02
71;6005141775204;1991-05-03
71;6205153528205;1991-05-03
72;9307086756277;2022-02-14
71;9504064652239;1995-04-06
73;7607160739260;2004-07-14
73;7803116232199;2004-07-14
74;9703152654262;2016-11-14
75;0032055080133;2020-12-29
76;6706202401144;2000-09-11
76;7107013226155;2000-09-11
77;9501238088308;2016-09-04
78;0028102764118;2025-03-05
79;6007036659214;1990-09-12
79;6308293772257;1990-09-12
80;8812083710214;2017-10-28
81;9011267518236;2010-12-17
82;6202030471165;1992-02-03
82;6508146662226;1992-02-03
83;9404221046226;2018-05-29
82;9906198720271;1999-06-19
82;0524292126193;2005-04-29
82;0828143372196;2008-08-14
84;7406204125181;2004-06-08
84;7801113642201;2004-06-08
84;032313230283;2003-03-13
84;0731256666232;2007-11-25
85;6803296485323;1992-11-03
85;7101227344191;1992-11-03
86;9601086330228;2016-11-04
87;6605046031181;1987-08-18
87;6805038526225;1987-08-18
87;0030235250110;2000-10-23
88;7606286131238;2002-07-22
88;7807083708254;2002-07-22
89;6711221239234;1990-11-29
89;7105226256214;1990-11-29
90;6409233109203;1988-04-22
90;6712117866249;1988-04-22
90;9106187782273;1991-06-18
91;7103044387237;1999-11-03
91;7308084886282;1999-11-03
91;9505297138307;1995-05-29
92;0026010178139;2025-11-16
91;0422252282183;2004-02-25
93;7104100651141;1999-03-20
93;7411033266223;1999-03-20
94;7909096131251;2003-02-14
94;8106254436223;2003-02-14
94;0928285824220;2009-08-28
94;1129025572142;2011-09-02
95;7303182337237;2002-10-22
95;7502018224179;2002-10-22
95;0128155814125;2001-08-15
95;0728058032163;2007-08-05
96;6903297577339;1992-12-27
96;7309204764212;1992-12-27
96;0321244808150;2003-01-24
97;7503102715167;2000-01-22
97;7904051344235;2000-01-22
97;1027086644166;2010-07-08
98;7409291843249;1999-05-13
98;7701262184280;1999-05-13
99;6612071719232;1995-12-03
99;7010078468253;1995-12-03
100;9509248172273;2018-05-17
101;7608064647258;2007-09-06
101;7810170340219;2007-09-06
101;0828022330120;2008-08-02
101;1025287464201;2010-05-28
102;7503280749281;2006-05-13
102;7701200116183;2006-05-13
103;6904146579307;1999-04-25
103;7305316664229;1999-04-25
103;0129071512102;2001-09-07
103;0626131588220;2006-06-13
103;1030090170145;2010-10-09
104;6601233859261;1990-06-07
104;6806212334205;1990-06-07
105;9012264020176;2019-01-24
106;6108253581215;1986-07-04
106;6305130716168;1986-07-04
107;8706234276285;2007-02-25
108;6805072285279;1996-09-14
108;7111267830190;1996-09-14
108;0322102276151;2003-02-10
109;6705133269266;1997-08-31
109;6901035606202;1997-08-31
109;0124230418125;2001-04-23
110;7908083009262;2007-09-01
110;8304290308237;2007-09-01
110;1228294118196;2012-08-29
110;1624222208157;2016-04-22
110;1825248570214;2018-05-24
111;6405307149235;1990-12-29
111;6707216200155;1990-12-29
112;9002096380239;2010-11-14
113;9512028264243;2023-12-13
114;6708102583224;1999-04-06
114;7104191480225;1999-04-06
115;6307124077229;1992-04-10
115;6705263418246;1992-04-10
116;9011116380194;2013-07-02
117;7409152333201;2007-01-14
117;7802078862270;2007-01-14
118;9812157274300;2019-06-03
117;0224226508135;2002-04-22
117;0824170074215;2008-04-17
119;6303202207153;1986-04-15
119;6511221040164;1986-04-15
120;6810267719273;1999-11-15
120;7201145246210;1999-11-15
120;9606255740240;1996-06-25
121;9901214188311;2025-04-04
120;032420242077;2003-04-20
122;7403213543190;2000-09-19
122;7608254004206;2000-09-19
123;6709167829273;1991-12-13
123;7004036784213;1991-12-13
124;9911115522216;2018-07-11
125;6104160575219;1986-06-30
125;6501035632173;1986-06-30
125;9503281206240;1995-03-28
126;6505042747220;1990-08-28
126;6807241460224;1990-08-28
127;9506278036282;2018-04-07
128;6708297137290;1993-03-25
128;7110118216166;1993-03-25
129;9204032642182;2018-10-30
130;9611154214222;2025-02-06
128;9812142858294;1998-12-14
131;6506308731187;1990-06-28
131;6806264472269;1990-06-28
131;8901310516226;1989-01-31
132;9101207024174;2011-09-04
131;9602266304234;1996-02-26
133;7606191089321;2006-02-09
133;7805302640199;2006-02-09
133;0522030048156;2005-02-03
133;0826080522161;2008-06-08
133;1129227884192;2011-09-22
133;1629084506181;2016-09-08
133;2225270500115;2022-05-27
133;2427134112125;2024-07-13
134;6606026215180;1991-01-30
134;6804051820178;1991-01-30
134;9110303354203;1991-10-30
135;7007174145212;2001-09-05
135;7401074056240;2001-09-05
135;0521052320104;2005-01-05
135;1021198338198;2010-01-19
136;6902261835252;1998-03-18
136;7305114642173;1998-03-18
137;7302063313170;2004-09-21
137;7512145166252;2004-09-21
137;9606143184276;1996-06-14
137;0132190052149;2001-12-19
137;0524153046176;2005-04-15
138;6009133745180;1991-02-15
138;6408317308204;1991-02-15
139;7106206559225;1999-03-03
139;7308294502204;1999-03-03
139;0524035854162;2005-04-03
139;0930187676269;2009-10-18
139;1329184304153;2013-09-18
140;7512142659260;2000-08-04
140;7706111612166;2000-08-04
141;6605011521141;1991-11-08
141;6803232136228;1991-11-08
141;8709211626224;1987-09-21
142;7212130165202;1998-10-21
142;7604010030143;1998-10-21
142;0727080084218;2007-07-08
142;0923301510116;2009-03-30
143;6609127205186;1990-09-06
143;6812257006231;1990-09-06
144;9407136818237;2020-11-25
145;9704047128258;2018-01-25
146;7711127567268;1999-06-09
146;8006013742151;1999-06-09
147;6309068585262;1987-06-26
147;6710013662196;1987-06-26
148;6307248037228;1989-06-07
148;6507288710210;1989-06-07
149;9511087520220;2019-12-18
150;7711170771251;2006-09-11
150;8108284276280;2006-09-11
151;7109066421168;2001-10-22
151;7310244068255;2001-10-22
152;7903217717240;2003-06-05
152;8208127536212;2003-06-05
152;0822072542174;2008-02-07
152;1430053862166;2014-10-05
152;1829178444230;2018-09-17
152;2421304540133;2024-01-30
153;7507186475290;2000-08-03
153;7805303682252;2000-08-03
153;1026142818137;2010-06-14
154;6805258653264;1999-11-05
154;7109124234171;1999-11-05
155;6706214461211;1994-02-08
155;6905177130229;1994-02-08
155;8901056218256;1989-01-05
156;7903224029254;2003-08-23
156;8103255062218;2003-08-23
157;0132165802106;2030-01-27
158;7810137345247;2005-03-26
158;8201130564204;2005-03-26
159;0128120762119;2022-12-17
160;7404012431146;2006-07-09
160;7802153604208;2006-07-09
161;0127130484154;2025-04-15
160;0526291282219;2005-06-29
160;1029294440157;2010-09-29
162;6306162407191;1990-12-08
162;6602024216177;1990-12-08
162;9002105838198;1990-02-10
163;9505051414200;2017-11-03
164;6302254723188;1988-04-21
164;6701260708227;1988-04-21
164;9501121780222;1995-01-12
164;9812297080316;1998-12-29
165;6210194829244;1987-10-26
165;6506257340208;1987-10-26
165;8406304124192;1984-06-30
166;7912210025209;2010-01-13
166;8307074172239;2010-01-13
166;1424164468224;2014-04-16
166;1923011674188;2019-03-01
167;6409293501193;1997-05-31
167;6810077062251;1997-05-31
168;7911211365250;2010-01-11
168;8108261148243;2010-01-11
169;6011035215140;1991-07-05
169;6401098302187;1991-07-05
169;9412276828281;1994-12-27
170;9808155088332;2024-05-03
169;0222117448155;2002-02-11
169;0523155028177;2005-03-15
169;0822068872215;2008-02-06
169;1130307308132;2011-10-30
169;1527226750159;2015-07-22
169;1831176100152;2018-11-17
169;2231225670158;2022-11-22
171;7311018165209;1998-05-07
171;7502032608189;1998-05-07
171;9505085246272;1995-05-08
172;0024036746134;2029-01-29
173;6002227461174;1985-07-13
173;6209042560170;1985-07-13
174;7506033017192;2001-05-05
174;7902122856252;2001-05-05
174;0322234828162;2003-02-23
174;0822142562180;2008-02-14
175;7911167869327;2006-09-29
175;8111145702156;2006-09-29
175;0428285778257;2004-08-28
176;6703036615195;1993-01-05
176;6905043380234;1993-01-05
176;9608241512208;1996-08-24
177;6405077011173;1995-04-17
177;6612097814230;1995-04-17
178;8602140014190;2015-02-22
179;7210162445212;1997-08-17
179;7608105732185;1997-08-17
180;7505270121196;2008-08-08
180;7909262376309;2008-08-08
180;0225132214100;2002-05-13
181;6209202207152;1985-06-06
181;6405047512164;1985-06-06
182;8505030620157;2008-11-14
181;9005264820184;1990-05-26
183;6304021337175;1989-10-20
183;6603215852206;1989-10-20
184;6503070143199;1991-07-18
184;6908053726236;1991-07-18
185;7203038863208;1999-06-03
185;7504197508256;1999-06-03
186;9903106060228;2028-08-12
185;0428300372149;2004-08-30
185;0930218440161;2009-10-21
187;7905255503225;2002-03-25
187;8308154024203;2002-03-25
187;0228232852140;2002-08-23
187;0527093388251;2005-07-09
188;7612178081271;2008-07-05
188;7910181068307;2008-07-05
189;0025162062136;2022-08-07
190;6510185763254;1988-09-09
190;6706276438281;1988-09-09
190;8903085132251;1989-03-08
190;9101073470214;1991-01-07
191;6407188483275;1990-09-22
191;6605291156273;1990-09-22
192;8805150246257;2008-06-20
193;9109153178270;2013-06-15
194;7801310527226;2007-12-04
194;8104107678238;2007-12-04
194;0522023752132;2005-02-02
195;7811193647295;2008-01-15
195;8109294278302;2008-01-15
195;0925111884201;2009-05-11
195;1124230234122;2011-04-23
196;7711011761194;2010-10-26
196;8101246330174;2010-10-26
197;5709226755240;1987-10-02
197;6007164124171;1987-10-02
198;7407067583259;2004-11-02
198;7604211164220;2004-11-02
199;4806117739232;1974-10-05
199;5006100058161;1974-10-05
200;6201033205136;1994-06-15
200;6506207572216;1994-06-15
201;4303298041208;1974-08-29
201;4603160288262;1974-08-29
202;5501151041171;1982-01-03
202;5901124468258;1982-01-03
203;5902197401214;1985-10-03
203;6307101806144;1985-10-03
204;5101115079210;1980-10-04
204;5411176340192;1980-10-04
205;7502111721151;1998-11-06
205;7808167482289;1998-11-06
206;6402287203202;1997-09-30
206;6801115476251;1997-09-30
207;5907168625249;1990-11-09
207;6109046536190;1990-11-09
208;6305106329191;1985-11-25
208;6607254202184;1985-11-25
209;6105201153154;1991-08-22
209;6511264422201;1991-08-22
210;5107055713146;1980-10-31
210;5402010044146;1980-10-31
211;4809044267246;1970-09-09
211;5107106746171;1970-09-09
212;6205191015192;1991-09-27
212;6412051460183;1991-09-27
213;6210068233187;1993-05-10
213;6608021144186;1993-05-10
214;5906230439247;1986-06-05
214;6208028760175;1986-06-05
215;5709078483273;1988-02-28
215;5909234536242;1988-02-28
216;7002161843184;1991-08-01
216;7211167106196;1991-08-01
217;5905295049308;1987-11-03
217;6210141382200;1987-11-03
218;4808031351179;1975-12-28
218;5010297082236;1975-12-28
219;5312265115191;1979-05-13
219;5612121118184;1979-05-13
220;6312200569220;1985-02-06
220;6501231208190;1985-02-06
221;4709194017236;1969-06-19
221;5008166456213;1969-06-19
222;6611143081225;1990-01-05
222;7008095602169;1990-01-05
223;4511172055219;1967-03-03
223;4812105148214;1967-03-03
224;5202158029210;1977-02-23
224;5405204344175;1977-02-23
225;6806283863282;1995-04-21
225;7212284776280;1995-04-21
226;6804094563269;1997-04-27
226;7204220434172;1997-04-27
227;5908030073221;1988-02-08
227;6301075644210;1988-02-08
228;7707183347281;2001-08-25
228;7904243378307;2001-08-25
229;4706200383205;1975-01-25
229;5111133542150;1975-01-25
230;6002248455210;1984-09-14
230;6204094514189;1984-09-14
231;6302271353216;1986-11-27
231;6606120050170;1986-11-27
232;6810091111196;1999-06-13
232;7203187266264;1999-06-13
233;6501316817208;1992-09-07
233;6910074804217;1992-09-07
234;5207185803175;1974-01-21
234;5503214052179;1974-01-21
235;6809042207204;1998-08-28
235;7202188148261;1998-08-28
236;5907048573256;1983-03-09
236;6105266270209;1983-03-09
237;5101253789257;1978-02-18
237;5501175554232;1978-02-18
238;5905193753267;1982-05-27
238;6311232112148;1982-05-27
239;5111282035198;1976-11-06
239;5507112114147;1976-11-06
240;5907011477241;1986-09-19
240;6302102106135;1986-09-19
241;4910065083252;1977-06-04
241;5204300722129;1977-06-04
242;5710070851206;1980-05-27
242;5904175436258;1980-05-27
243;6507174713203;1994-10-20
243;6909131360216;1994-10-20
244;4711158603184;1978-05-13
244;5010193120148;1978-05-13
245;6201215007158;1994-06-01
245;6505230526198;1994-06-01
246;7303125409192;2002-04-08
246;7606025432185;2002-04-08
247;6010180125176;1989-09-29
247;6308084414192;1989-09-29
248;6611245285270;1987-09-04
248;6804293830239;1987-09-04
249;6405198757284;1990-11-03
249;6703044662220;1990-11-03
250;5708120219199;1980-07-19
250;5911041888279;1980-07-19
251;6309298069306;1985-09-25
251;6509062008202;1985-09-25
252;5310308581204;1976-06-25
252;5705226470216;1976-06-25
253;6001214223133;1984-09-06
253;6311285210179;1984-09-06
254;5009073753185;1979-07-31
254;5305168470213;1979-07-31
255;6112300153160;1989-09-06
255;6402238138231;1989-09-06
256;6411112839206;1993-04-24
256;6804211008198;1993-04-24
257;6008268429231;1989-05-05
257;6211117430140;1989-05-05
258;7412034331166;1999-03-13
258;7801061414206;1999-03-13
259;6912112511165;1996-09-24
259;7208054684238;1996-09-24
260;6404014541153;1986-03-11
260;6602038854224;1986-03-11
261;7308240445213;2002-05-16
261;7508124084241;2002-05-16
262;5504195887300;1981-05-13
262;5709141106186;1981-05-13
263;6902255007236;1995-10-19
263;7104081408193;1995-10-19
264;7207160877255;2001-05-17
264;7402046788274;2001-05-17
265;6707225771234;1997-04-29
265;7009067720160;1997-04-29
266;5404202427172;1982-11-28
266;5603035560185;1982-11-28
267;5206113259200;1978-02-18
267;5505043466222;1978-02-18
268;5411117187236;1985-11-02
268;5703121280197;1985-11-02
269;6904178111220;1993-01-23
269;7205307674227;1993-01-23
270;4303168875241;1970-10-30
270;4511126574212;1970-10-30
271;4106067203135;1963-03-11
271;4406292402175;1963-03-11
272;7808300239246;2006-11-02
272;8107177734227;2006-11-02
273;6203077715192;1990-07-27
273;6610313174234;1990-07-27
274;5607078453237;1986-08-17
274;6012316510125;1986-08-17
275;5107173321154;1982-10-10
275;5305134534173;1982-10-10
276;5011095755214;1979-01-22
276;5311202408154;1979-01-22
277;5007213245159;1972-04-08
277;5301190074230;1972-04-08
278;5206275805190;1980-06-22
278;5505224366228;1980-06-22
279;4711203577233;1969-04-17
279;5004031360130;1969-04-17
280;6403143345205;1992-04-01
280;6704131416195;1992-04-01
281;6712134849257;1996-06-14
281;7108267102174;1996-06-14
282;6904084335254;1998-03-26
282;7112294100169;1998-03-26
283;6306130047196;1984-03-30
283;6507301628206;1984-03-30
284;6207145179254;1991-03-30
284;6401196186288;1991-03-30
285;6410141405164;1987-04-10
285;6603120348217;1987-04-10
286;6204160585235;1992-06-04
286;6602025524178;1992-06-04
287;6106248255219;1987-11-25
287;6306160034187;1987-11-25
288;6203042837189;1985-06-16
288;6603110440155;1985-06-16
289;5908302357246;1982-04-27
289;6305174502169;1982-04-27
290;6203285459272;1985-01-04
290;6412280606209;1985-01-04
291;5203131031129;1981-03-10
291;5603202524165;1981-03-10
292;5505042371192;1987-10-05
292;5901050138228;1987-10-05
293;6410120647199;1990-12-23
293;6810085000184;1990-12-23
294;6412186287293;1992-01-27
294;6710070736231;1992-01-27
295;5810317583257;1982-03-23
295;6110091036199;1982-03-23
296;7710230541202;2001-11-15
296;8009014216153;2001-11-15
297;7208291201178;2003-04-27
297;7410156704191;2003-04-27
298;6503271629249;1991-10-25
298;6912064508237;1991-10-25
299;6011221443154;1985-10-05
299;6204232448213;1985-10-05
300;5801020537197;1981-12-30
300;6210247360195;1981-12-30
301;5201225153174;1980-03-03
301;5406261588275;1980-03-03
302;7712220861218;2005-01-14
302;7912241514222;2005-01-14
303;6303234167233;1992-08-26
303;6611275304213;1992-08-26
304;7203191011171;1994-12-13
304;7503245654241;1994-12-13
305;5708086049275;1984-11-19
305;5911302544214;1984-11-19
306;6202020775189;1989-02-21
306;6608273008236;1989-02-21
307;5410026679240;1987-01-01
307;5803266786303;1987-01-01
308;6210130011117;1984-05-18
308;6507081510169;1984-05-18
309;5907287875316;1986-09-10
309;6301186802181;1986-09-10
310;6702114729221;1993-06-27
310;7002218874213;1993-06-27
311;6503280835236;1988-05-13
311;6812285042254;1988-05-13
312;5912130349245;1988-01-09
312;6110082136196;1988-01-09
313;6404153645216;1991-06-01
313;6704113684238;1991-06-01
314;6812147121199;1991-02-14
314;7002012424128;1991-02-14
315;5905195733255;1989-07-28
315;6209120754180;1989-07-28
316;6009237247210;1989-02-23
316;6301046776234;1989-02-23
317;5803296263280;1981-10-31
317;6102091352191;1981-10-31
318;7106301055186;2002-07-11
318;7306050138209;2002-07-11
319;6405296807243;1995-06-09
319;6708161858274;1995-06-09
320;6509290475281;1996-05-03
320;6711178258292;1996-05-03
321;5412242757231;1983-05-04
321;5605018126184;1983-05-04
322;6709217303182;1994-07-24
322;7004231820135;1994-07-24
323;6712035355227;1999-02-13
323;7009285764250;1999-02-13
324;5208022279215;1977-01-10
324;5505212234173;1977-01-10
325;6404012003120;1991-09-03
325;6701215566245;1991-09-03
326;6607264163251;1996-07-02
326;6803014858241;1996-07-02
327;5203031375187;1983-10-04
327;5506273288292;1983-10-04
328;5405127545198;1984-11-21
328;5808270780255;1984-11-21
329;6312314829215;1991-01-23
329;6503141464218;1991-01-23
330;7204188047255;1997-01-31
330;7410302568242;1997-01-31
331;6411044783226;1992-08-05
331;6804205010156;1992-08-05
332;5607228559263;1983-02-17
332;5805316706207;1983-02-17
333;5105136075203;1978-05-28
333;5512231580204;1978-05-28
334;6906142657266;1994-04-05
334;7206024682201;1994-04-05
335;5205145815168;1981-09-07
335;5507060158231;1981-09-07
336;6912293463291;1992-10-25
336;7204118612150;1992-10-25
337;6406280055242;1992-09-28
337;6604208238227;1992-09-28
338;6510236087270;1996-01-11
338;6707250036232;1996-01-11
339;5005141775195;1979-08-15
339;5201025156177;1979-08-15
340;6312033357207;1989-09-06
340;6702055220175;1989-09-06
341;4605137225189;1975-09-25
341;5005083658222;1975-09-25
342;6102106667199;1991-07-20
342;6307300802131;1991-07-20
343;6102084119204;1991-07-01
343;6412168814207;1991-07-01
344;6007263087251;1991-07-09
344;6308240302146;1991-07-09
345;6204213001113;1988-06-22
345;6404036358229;1988-06-22
346;6004115843154;1992-10-20
346;6403152840179;1992-10-20
347;4912148647256;1980-02-22
347;5302058080199;1980-02-22
348;7104281317212;1995-01-01
348;7311152758246;1995-01-01
349;6010222063170;1990-11-24
349;6307247054222;1990-11-24
350;6708054457256;1996-03-06
350;6907282876317;1996-03-06
351;6004036479227;1983-10-07
351;6304207486236;1983-10-07
352;5902244101176;1984-10-08
352;6206220064188;1984-10-08
353;5407262743210;1978-06-11
353;5810018442189;1978-06-11
354;5610012359214;1982-02-22
354;5903057740210;1982-02-22
355;6802278041246;1992-05-03
355;7212130656205;1992-05-03
356;7102185631192;2004-10-13
356;7511095630213;2004-10-13
357;6710303875248;1990-12-28
357;7003260410139;1990-12-28
358;4904306463227;1979-12-10
358;5303167564228;1979-12-10
359;6012102829163;1993-03-04
359;6407212502139;1993-03-04
360;6305051447207;1989-07-22
360;6708281180261;1989-07-22
361;6603234475252;1990-03-28
361;6808132524205;1990-03-28
362;7410308731186;2004-01-15
362;7806064412206;2004-01-15
363;7511083649272;1998-04-14
363;7904293186335;1998-04-14
364;5805098749299;1981-08-19
364;6211243066223;1981-08-19
365;4806080205191;1977-04-16
365;5103057528190;1977-04-16
366;6612131877254;1993-01-24
366;6901281410208;1993-01-24
367;5308294267272;1976-04-05
367;5510098222204;1976-04-05
368;5905094441235;1986-11-19
368;6311017008163;1986-11-19
369;6603226435215;1995-11-18
369;6810241110172;1995-11-18
370;6404040509182;1990-12-02
370;6810157244244;1990-12-02
371;6803031751196;1999-08-15
371;7101195708221;1999-08-15
372;4901248437250;1974-06-11
372;5110280372209;1974-06-11
373;4812114011141;1970-11-16
373;5111285114183;1970-11-16
374;5304171519208;1977-09-10
374;5712122260184;1977-09-10
375;6003292271216;1991-02-02
375;6305051574214;1991-02-02
376;7612108041186;2008-12-29
376;7907294552290;2008-12-29
377;6308014551159;1990-05-24
377;6708092004208;1990-05-24
378;6003160669231;1990-04-29
378;6308168468272;1990-04-29
379;6010117457192;1984-07-18
379;6405010604128;1984-07-18
380;7405255315211;1996-12-31
380;7710254342233;1996-12-31
381;6111073103145;1988-04-22
381;6405227040176;1988-04-22
382;6610184249277;1991-06-24
382;6807288142266;1991-06-24
383;7303138733196;1999-04-07
383;7611111002142;1999-04-07
384;5407066083233;1984-05-26
384;5707173808232;1984-05-26
385;6705210085240;1992-09-27
385;7002182276243;1992-09-27
386;6109028269227;1988-11-13
386;6403242220157;1988-11-13
387;6505028259242;1987-07-29
387;6807162242226;1987-07-29
388;7212021283194;1999-09-15
388;7603068372254;1999-09-15
389;7804201435210;2005-05-17
389;8011208652183;2005-05-17
390;8201055471211;2013-10-19
390;8412282670254;2013-10-19
391;7711223355240;1999-10-12
391;7904286762297;1999-10-12
392;6503258455253;1992-05-02
392;6906036416217;1992-05-02
393;6603243717219;1998-08-02
393;7008045430145;1998-08-02
394;6101082209189;1983-03-28
394;6402074452208;1983-03-28
395;5611044021156;1980-05-10
395;5911186284297;1980-05-10
396;5811260415213;1981-06-13
396;6010038136172;1981-06-13
397;5004238767222;1975-10-22
397;5201227770183;1975-10-22
398;5812171841218;1981-12-12
398;6102095476250;1981-12-12
399;5406202189239;1979-06-28
399;5605280606214;1979-06-28
400;7709274243259;2003-07-10
400;8108092318224;2003-07-10
401;7603031673222;1999-06-14
401;7902228544253;1999-06-14
402;5309257425206;1983-10-01
402;5606162688284;1983-10-01
403;5910203387262;1986-06-29
403;6305194034219;1986-06-29
404;7504097787314;2000-03-14
404;7705283556292;2000-03-14
405;6602054029226;1995-01-25
405;7003078470206;1995-01-25
406;5112158751184;1980-03-04
406;5303171586249;1980-03-04
407;4508306351179;1976-01-25
407;4706213316179;1976-01-25
408;6902152827244;1996-01-01
408;7308285530213;1996-01-01
409;6611140637219;1989-11-29
409;7001186274240;1989-11-29
410;4608133311144;1974-01-23
410;5001210026131;1974-01-23
411;4601236769260;1975-05-11
411;4811206776244;1975-05-11
412;7310164537231;2002-08-06
412;7712148246258;2002-08-06
413;5601227805184;1986-01-20
413;6009133400106;1986-01-20
414;7010247675237;1996-09-02
414;7412130432171;1996-09-02
415;6804063665260;1990-06-15
415;7112193624208;1990-06-15
416;6706025543200;1996-05-14
416;7102184008205;1996-05-14
417;6302258529240;1993-07-18
417;6602134200142;1993-07-18
418;6503283171246;1993-01-23
418;6907188402231;1993-01-23
419;5201174163206;1975-06-17
419;5408153166231;1975-06-17
420;7507292159301;2005-09-30
420;7901181314235;2005-09-30
421;5505162823189;1979-10-26
421;5703113082208;1979-10-26
422;6008076601142;1982-04-12
422;6305257742211;1982-04-12
423;7312295445260;2004-05-23
423;7712074772262;2004-05-23
424;6407313049231;1985-04-19
424;6604057000156;1985-04-19
425;5305214627181;1978-08-17
425;5604018860184;1978-08-17
426;6512057641199;1998-09-15
426;6910192836275;1998-09-15
427;4701174153223;1972-10-05
427;4912313380222;1972-10-05
428;6104212673186;1989-03-12
428;6409032768235;1989-03-12
429;4802097379307;1970-09-16
429;5002252728187;1970-09-16
430;6212261101144;1984-12-26
430;6506080074242;1984-12-26
431;6710081481248;1993-02-24
431;6910016624197;1993-02-24
432;7407145121176;1995-02-22
432;7605220020160;1995-02-22
433;6512117649236;1990-03-03
433;6811286330236;1990-03-03
434;7605280531223;1998-01-27
434;7902161168293;1998-01-27
435;5709291455271;1987-09-01
435;6011070362178;1987-09-01
436;5309154841182;1981-08-31
436;5601038326196;1981-08-31
437;4708092073246;1973-06-29
437;4905164228243;1973-06-29
438;5104244851174;1976-07-06
438;5308011524135;1976-07-06
439;6312306835195;1985-12-04
439;6609086666281;1985-12-04
440;7803272653267;2011-07-07
440;8211153420165;2011-07-07
441;7606030207183;2005-05-16
441;7906144376289;2005-05-16
442;6502282725231;1994-03-10
442;6805311522189;1994-03-10
443;6909176541250;2001-11-15
443;7203010560146;2001-11-15
444;7906275745292;2004-08-19
444;8102203588241;2004-08-19
445;7601205853213;2007-09-02
445;7809266022238;2007-09-02
446;4706152125195;1978-08-23
446;510112022096;1978-08-23
447;4012202069182;1973-03-13
447;4403207170170;1973-03-13
448;7509026611161;2001-11-19
448;7912232174268;2001-11-19
449;6512216431175;1990-05-25
449;6901257076297;1990-05-25
450;4303281819217;1967-11-19
450;4508301520132;1967-11-19
451;3207128055175;1955-03-09
451;3501172034182;1955-03-09
452;4712138451200;1978-05-14
452;5009302578211;1978-05-14
453;5202072159225;1980-12-23
453;5503082006187;1980-12-23
454;2807143157222;1958-02-13
454;3211114270138;1958-02-13
455;3610066571207;1963-10-20
455;4002197080203;1963-10-20
456;4604034071185;1972-01-02
456;4802060318204;1972-01-02
457;5507302631160;1980-08-24
457;5703267574274;1980-08-24
458;5711277739283;1987-12-20
458;6105112588221;1987-12-20
459;4512247009206;1970-10-25
459;4711211086231;1970-10-25
460;4506143127191;1967-01-01
460;4704221286240;1967-01-01
461;4205190325183;1964-04-22
461;4406294434222;1964-04-22
462;6107098787283;1988-06-09
462;6505278638274;1988-06-09
463;6311194049262;1990-10-03
463;6608241772237;1990-10-03
464;6403112251161;1989-04-09
464;6703130670205;1989-04-09
465;5611114729207;1985-10-19
465;6009087336212;1985-10-19
466;4811107415174;1977-04-21
466;5206117676213;1977-04-21
467;5205085723181;1982-06-06
467;5405035572196;1982-06-06
468;6311126223161;1988-05-09
468;6702085628256;1988-05-09
469;5912316455249;1985-03-02
469;6203203560157;1985-03-02
470;5811244359274;1981-07-06
470;6012021648174;1981-07-06
471;5607310063203;1979-12-29
471;5809158670247;1979-12-29
472;4308082845206;1969-03-16
472;4612300308169;1969-03-16
473;5002094613158;1977-02-16
473;5205070848213;1977-02-16
474;3506112221117;1965-06-13
474;3804177350214;1965-06-13
475;4811027661198;1975-09-25
475;5112015088207;1975-09-25
476;5607313809208;1979-05-15
476;5910304364235;1979-05-15
477;4506242585241;1972-04-24
477;4912220306181;1972-04-24
478;6408300381199;1997-09-24
478;6808022722177;1997-09-24
479;5410244445209;1984-01-07
479;5809086454261;1984-01-07
480;4506123515158;1969-03-19
480;4908136606203;1969-03-19
481;5507136431173;1984-10-27
481;5901284148288;1984-10-27
482;4010056157187;1964-05-13
482;4305040480166;1964-05-13
483;5308151487246;1976-11-17
483;5512038472211;1976-11-17
484;6809035349257;1998-04-20
484;7111122270168;1998-04-20
485;6304303539210;1991-09-29
485;6711157230201;1991-09-29
486;5205051829191;1973-01-20
486;5411193560217;1973-01-20
487;5606218053208;1982-05-23
487;5805047624207;1982-05-23
488;3102238133148;1960-10-24
488;3408256438221;1960-10-24
489;4208262839222;1967-05-20
489;4601041066206;1967-05-20
490;4403161579252;1975-09-06
490;4808302808197;1975-09-06
491;3409072753192;1963-12-01
491;3704274680237;1963-12-01
492;6512101881193;1990-06-13
492;6902087568311;1990-06-13
493;5305136881206;1975-07-18
493;5506071300141;1975-07-18
494;3701030025151;1969-09-04
494;4112181370182;1969-09-04
495;3702182149249;1968-10-04
495;3906127266238;1968-10-04
496;5503062445206;1978-11-28
496;5701227758256;1978-11-28
497;6110145005151;1987-05-16
497;6512277358286;1987-05-16
498;2901266239252;1953-01-25
498;3306236758219;1953-01-25
499;3901048127211;1971-10-09
499;4310057176222;1971-10-09
500;3904104121141;1962-07-10
500;4112148482199;1962-07-10
501;5202074339215;1984-06-09
501;5607217836217;1984-06-09
502;5504154223181;1983-05-24
502;5807295854285;1983-05-24
503;5409086745234;1986-03-22
503;5810033802156;1986-03-22
504;6603228579286;1995-04-07
504;7004055376225;1995-04-07
505;5903062525217;1983-10-15
505;6108305504144;1983-10-15
506;5008058519189;1976-02-12
506;5205071680194;1976-02-12
507;4811307179271;1976-10-13
507;5101135660158;1976-10-13
508;7009266419226;2002-10-18
508;7306188720204;2002-10-18
509;6504068369279;1987-06-19
509;6706180238259;1987-06-19
510;4409238553207;1975-04-29
510;4612088860225;1975-04-29
511;4311056277228;1974-04-20
511;4707133540172;1974-04-20
512;5706257263251;1983-08-31
512;6110221158201;1983-08-31
513;5103066683214;1975-08-24
513;5309070348219;1975-08-24
514;6204136611142;1991-12-02
514;6508245604192;1991-12-02
515;5201294815205;1980-10-03
515;5401116348203;1980-10-03
516;6711048689300;1997-07-10
516;7110162538218;1997-07-10
517;6301208401129;1987-09-11
517;6608153870228;1987-09-11
518;6011033569210;1987-11-16
518;6403236034197;1987-11-16
519;6104111571159;1988-02-29
519;6309056126198;1988-02-29
520;5003030889212;1975-07-17
520;5403223752183;1975-07-17
521;4905302489276;1974-09-21
521;5201120356173;1974-09-21
522;5411261289277;1982-05-27
522;5701238012181;1982-05-27
523;5704111667226;1984-01-03
523;5901272730216;1984-01-03
524;4907217879286;1975-10-25
524;5305260268243;1975-10-25
525;4712041405160;1978-05-23
525;4912274084283;1978-05-23
526;5104188175244;1984-09-13
526;5509241112162;1984-09-13
527;5111286419224;1981-01-22
527;5505060636202;1981-01-22
528;5503276051220;1981-11-07
528;5707273862253;1981-11-07
529;5010105875178;1981-04-01
529;5304061744186;1981-04-01
530;4308015863170;1967-07-10
530;4707037588267;1967-07-10
531;4701110675206;1975-03-30
531;5003126668205;1975-03-30
532;5005080225161;1975-06-11
532;5401153862203;1975-06-11
533;5709075635235;1983-02-20
533;6005225554184;1983-02-20
534;5203183727210;1983-03-25
534;5402275166254;1983-03-25
535;4509248227219;1969-05-11
535;4710178602190;1969-05-11
536;5303153501134;1976-01-01
536;5502064352198;1976-01-01
537;4501137171194;1975-10-09
537;4911206430170;1975-10-09
538;6905318043237;1996-09-09
538;7211071472214;1996-09-09
539;6108023069209;1994-06-26
539;6510011760163;1994-06-26
540;3105115157165;1952-12-10
540;3305270508181;1952-12-10
541;3106091625165;1955-12-29
541;3401241478228;1955-12-29
542;4707064117205;1980-12-02
542;5109080446199;1980-12-02
543;4611163475244;1968-08-21
543;4906034060192;1968-08-21
544;6205058149232;1989-12-24
544;6610270406212;1989-12-24
545;7306231269251;1995-08-14
545;7509235356251;1995-08-14
546;4504262807198;1975-06-17
546;4805210684228;1975-06-17
547;5908315213197;1980-05-22
547;6105284544221;1980-05-22
548;6602262211182;1990-08-22
548;6905146328254;1990-08-22
549;5201055237188;1982-12-15
549;5609250768266;1982-12-15
550;5812021141167;1982-03-19
550;6205312836190;1982-03-19
551;6306232555211;1991-09-15
551;6511025354198;1991-09-15
552;4406118025163;1971-01-31
552;4711097474268;1971-01-31
553;5706290655267;1983-07-23
553;6012070320129;1983-07-23
554;5804062707209;1982-12-26
554;6210278856257;1982-12-26
555;5512294367284;1979-04-01
555;5710198018258;1979-04-01
556;4208168417195;1968-05-29
556;4605192080233;1968-05-29
557;4903177709251;1980-11-02
557;5306103646174;1980-11-02
558;6309087623206;1988-07-12
558;6706287810221;1988-07-12
559;5611197681269;1985-09-06
559;5910010506165;1985-09-06
560;4203068149219;1975-01-13
560;4605076308209;1975-01-13
561;4704211061178;1971-01-04
561;4904255858280;1971-01-04
562;5704234341195;1988-04-18
562;6004020048164;1988-04-18
563;5605300243178;1988-10-11
563;6012126564187;1988-10-11
564;5308101631126;1982-02-18
564;5604215156219;1982-02-18
565;6411150367236;1993-07-23
565;6601155660216;1993-07-23
566;4707211419196;1973-12-10
566;5001110342115;1973-12-10
567;4801134719214;1980-09-02
567;5201277426212;1980-09-02
568;6608094125233;1999-05-28
568;7003155552189;1999-05-28
569;7004070877236;1998-01-28
569;7207276480245;1998-01-28
570;5403107111123;1977-03-17
570;5703174508228;1977-03-17
571;6005232625163;1989-12-30
571;6304248568264;1989-12-30
572;5901118539244;1991-08-08
572;6209284442217;1991-08-08
573;4705118055210;1979-03-09
573;5008103436144;1979-03-09
574;6508127283236;1993-10-12
574;6908202666251;1993-10-12
575;5404098519241;1978-09-26
575;5812287000201;1978-09-26
576;5104061113132;1973-07-22
576;5306173468253;1973-07-22
577;4401216759223;1973-02-24
577;4609204768234;1973-02-24
578;5901121647226;1990-02-25
578;6302162066230;1990-02-25
579;5410141855204;1983-05-10
579;5612238824209;1983-05-10
580;7112193875262;1994-06-21
580;7407068358268;1994-06-21
581;5302238085238;1984-02-09
581;5611264404195;1984-02-09
582;6310118077230;1984-08-16
582;6512078776279;1984-08-16
583;5101021761138;1975-01-04
583;5503075422183;1975-01-04
584;5411287473260;1980-06-06
584;5804178114225;1980-06-06
585;3506215607163;1957-06-11
585;3702197414212;1957-06-11
586;3803264743222;1964-09-19
586;4212234104135;1964-09-19
587;3509118279239;1956-01-18
587;3712244406185;1956-01-18
588;5606090305194;1983-10-12
588;5809261026233;1983-10-12
589;4803243345224;1975-08-18
589;5206248486253;1975-08-18
590;6402260773235;1990-06-30
590;6810306804194;1990-06-30
591;5503117583218;1976-05-26
591;5701115702147;1976-05-26
592;3609086535219;1963-09-23
592;4007281010129;1963-09-23
593;2507184809208;1951-06-23
593;2802211638193;1951-06-23
594;3205201553138;1956-08-17
594;3405014730113;1956-08-17
595;4006270621140;1963-04-25
595;4301200860138;1963-04-25
596;7709015339236;2000-11-14
596;7903237012212;2000-11-14
597;6403317741190;1987-08-18
597;6606218784258;1987-08-18
598;5503048163211;1982-09-22
598;5803232150195;1982-09-22
599;5210086625195;1981-02-24
599;5609262884270;1981-02-24
600;5301201371161;1975-08-06
600;5603202668230;1975-08-06
601;4305154587244;1964-12-12
601;4506022344164;1964-12-12
602;4807230105174;1972-06-14
602;5011145338187;1972-06-14
603;3206062331132;1959-11-04
603;3601258012170;1959-11-04
604;3405057447205;1961-10-20
604;3805104534169;1961-10-20
605;3504071405157;1960-05-19
605;3803152120155;1960-05-19
606;3603205615155;1959-02-15
606;3906118408196;1959-02-15
607;4709167809237;1970-08-14
607;5101191376236;1970-08-14
608;4905134837230;1974-01-15
608;5106254344190;1974-01-15
609;5208187275253;1978-08-04
609;5607051104161;1978-08-04
610;3905045859254;1962-08-13
610;4301124766196;1962-08-13
611;3101217059189;1963-02-11
611;3508061722154;1963-02-11
612;5610317747237;1984-08-17
612;5810085632222;1984-08-17
613;5904301151195;1992-05-09
613;6310168664241;1992-05-09
614;5401267613191;1987-12-30
614;5811252660224;1987-12-30
615;6503092473249;1994-12-01
615;6710283140226;1994-12-01
616;7001181431170;1992-11-26
616;7212238086259;1992-11-26
617;6312187723212;1996-04-20
617;6703218744226;1996-04-20
618;5508108609190;1978-09-18
618;5701276636255;1978-09-18
619;4911146629245;1979-12-04
619;5310151288246;1979-12-04
620;5203136025163;1980-07-01
620;5404140810131;1980-07-01
621;5307233589261;1979-01-08
621;5606234862220;1979-01-08
622;6012204017147;1988-06-09
622;6202062418187;1988-06-09
623;4607020183193;1970-11-22
623;5004060682183;1970-11-22
624;5802243489297;1982-11-06
624;6204291560215;1982-11-06
625;4608035845201;1971-03-01
625;4911132488271;1971-03-01
626;5201032761155;1983-01-05
626;5604307360196;1983-01-05
627;5809267727265;1984-02-20
627;6003117512122;1984-02-20
628;5105221241137;1979-03-12
628;5505246324198;1979-03-12
629;5510035773210;1984-09-13
629;5912213310159;1984-09-13
630;6005057249216;1986-03-12
630;6404252146224;1986-03-12
631;5001175625178;1974-03-22
631;5402010176188;1974-03-22
632;6011172625181;1987-08-22
632;6401040630144;1987-08-22
633;4504183125203;1978-09-29
633;4908291514233;1978-09-29
634;4703031859228;1971-01-16
634;4908106818207;1971-01-16
635;4112247659229;1972-12-20
635;4304192116191;1972-12-20
636;5306083417199;1976-09-12
636;5501077170215;1976-09-12
637;4507187633218;1973-11-06
637;4902030130150;1973-11-06
638;6009105239179;1993-02-02
638;6404257554238;1993-02-02
639;4505180815193;1974-07-22
639;4911036070205;1974-07-22
640;6106166265227;1986-07-21
640;6306052440162;1986-07-21
641;6306057551194;1996-04-02
641;6708270372258;1996-04-02
642;5009194757239;1981-03-05
642;5302281120164;1981-03-05
643;4106153115147;1963-09-19
643;4403220642155;1963-09-19
644;8011220223149;2010-07-27
644;8411130280208;2010-07-27
645;7712165823230;2003-11-27
645;8103091362219;2003-11-27
646;6011018221116;1981-07-23
646;6211163174224;1981-07-23
647;6001174367231;1983-03-03
647;6305073312164;1983-03-03
648;5103137347194;1981-02-10
648;5506047062203;1981-02-10
649;4609122787244;1972-08-24
649;4804154382241;1972-08-24
650;5201223469222;1984-04-25
650;5608174044229;1984-04-25
651;4609300659228;1973-12-26
651;4807175852239;1973-12-26
652;4905148835235;1971-09-29
652;5210062400114;1971-09-29
653;4506218573215;1976-03-23
653;4702157328229;1976-03-23
654;4308210285199;1976-04-06
654;4704028350175;1976-04-06
655;4804063283242;1971-11-05
655;5209078104170;1971-11-05
656;7511271707228;2000-11-22
656;7812121614193;2000-11-22
657;7701114541189;2007-03-07
657;8001311112134;2007-03-07
658;5605101831146;1983-06-07
658;5803288648300;1983-06-07
659;5205283751206;1978-09-15
659;5612027608189;1978-09-15
660;6602067527233;1993-06-07
660;6909131868277;1993-06-07
661;6807234835238;1992-09-09
661;7104181482232;1992-09-09
662;4109018121109;1967-08-05
662;4412290016201;1967-08-05
663;5704120283216;1980-03-28
663;6107246458237;1980-03-28
664;6511071707201;1998-12-12
664;6907011124181;1998-12-12
665;5405128735194;1976-03-20
665;5606113754198;1976-03-20
666;3902096385283;1964-02-11
666;4306183584242;1964-02-11
667;5111198469273;1981-08-25
667;5512010350140;1981-08-25
668;5102112405115;1982-09-07
668;5505232150176;1982-09-07
669;6108027063179;1992-10-08
669;6508201130146;1992-10-08
670;5609300323165;1982-01-01
670;5907275764286;1982-01-01
671;5908316363246;1985-03-30
671;6302160512156;1985-03-30
672;5709158649276;1980-11-17
672;6101023178205;1980-11-17
673;5601097003193;1987-11-28
673;5801270028243;1987-11-28
674;6712242431198;1995-05-21
674;6911141170225;1995-05-21
675;5902070377274;1983-08-21
675;6209230180189;1983-08-21
676;4906177815236;1978-05-12
676;5305207384213;1978-05-12
677;4108038751155;1968-11-25
677;4310145562185;1968-11-25
678;6302022479227;1993-06-06
678;6707165552240;1993-06-06
679;6410034859234;1987-10-29
679;6701231430177;1987-10-29
680;6701185761252;1990-04-02
680;7109023340141;1990-04-02
681;6006146113146;1985-06-14
681;6306033018176;1985-06-14
682;5309036265205;1975-12-01
682;5605036144196;1975-12-01
683;4204294205184;1972-05-21
683;4604151588262;1972-05-21
684;5402172843204;1980-08-05
684;5603238700160;1980-08-05
685;5012150519171;1975-02-06
685;5211116816156;1975-02-06
686;5708286607249;1985-11-06
686;6012116356183;1985-11-06
687;4510026131141;1973-02-06
687;4911077880253;1973-02-06
688;6303311649220;1993-05-03
688;6501212238206;1993-05-03
689;5706215869265;1980-11-05
689;6001224660159;1980-11-05
690;4910081443222;1981-12-22
690;5310301852166;1981-12-22
691;5810292419267;1982-05-28
691;6010034674187;1982-05-28
692;6112258569265;1993-08-10
692;6511167334223;1993-08-10
693;5809150725214;1983-03-22
693;6203022182178;1983-03-22
694;4807264363249;1980-04-14
694;5208200120104;1980-04-14
695;4511124759225;1977-11-28
695;4903032140166;1977-11-28
696;6703011787244;1995-08-01
696;7002011530107;1995-08-01
697;4809113433178;1980-10-19
697;5101133506139;1980-10-19
698;6608037403171;1999-08-19
698;7007226430151;1999-08-19
699;5712125019209;1983-07-25
699;5907297472298;1983-07-25
700;5006212341128;1973-12-29
700;5403282774254;1973-12-29
701;4202257649231;1967-07-11
701;4505285280239;1967-07-11
702;5202226541159;1983-05-16
702;5606124760189;1983-05-16
703;5402235029210;1983-10-12
703;5712168142225;1983-10-12
704;4907271277290;1976-07-22
704;5308021342144;1976-07-22
705;6010018203111;1986-03-12
705;6312145344199;1986-03-12
706;5409118373209;1980-05-17
706;5708195468303;1980-05-17
707;3902036525189;1965-08-27
707;4201243284208;1965-08-27
708;5701261275258;1984-04-03
708;6110142236178;1984-04-03
709;5203126389241;1980-01-26
709;5605014284213;1980-01-26
710;5408038737209;1986-05-22
710;5711043778261;1986-05-22
711;5208074723174;1976-01-02
711;5511012760158;1976-01-02
712;6312210437185;1993-11-13
712;6509287086307;1993-11-13
713;6902286653283;1991-12-31
713;7109274412185;1991-12-31
714;6806217067265;1994-11-27
714;7203136026188;1994-11-27
715;5101014623117;1978-06-19
715;5301225830149;1978-06-19
716;4009182249217;1967-03-12
716;4304227678239;1967-03-12
717;5106270569247;1982-03-09
717;5308286202182;1982-03-09
718;3905017841174;1968-03-03
718;4106204850132;1968-03-03
719;5111031431118;1980-10-03
719;5402093042197;1980-10-03
720;7211211077221;1998-03-22
720;7605192748287;1998-03-22
721;6305105217164;1993-04-25
721;6707222612177;1993-04-25
722;4110211505114;1965-03-29
722;4311261760185;1965-03-29
723;4807303227204;1970-04-02
723;5008120834139;1970-04-02
724;6209201159207;1988-03-13
724;6407043670195;1988-03-13
725;5508315067240;1980-11-28
725;5804178080259;1980-11-28
726;4706028783229;1977-12-28
726;5109210776198;1977-12-28
727;5601096815221;1980-03-14
727;5912288180284;1980-03-14
728;6002040877204;1988-03-26
728;6405042574217;1988-03-26
729;5604146519223;1987-06-13
729;5804074612195;1987-06-13
730;4304220835163;1971-02-03
730;4605023228182;1971-02-03
731;4712257481247;1972-08-08
731;4905274666285;1972-08-08
732;5806305385259;1986-07-09
732;6103270586250;1986-07-09
733;5409292001176;1985-03-22
733;5603180000155;1985-03-22
734;4711067661219;1970-07-11
734;5001028526149;1970-07-11
735;4011094019187;1967-09-18
735;4208234366208;1967-09-18
736;5010107609147;1975-05-15
736;5412202750154;1975-05-15
737;5406258067259;1981-08-17
737;5602174660219;1981-08-17
738;4707098683278;1972-03-11
738;5104274032176;1972-03-11
739;4409222301121;1974-06-21
739;4709260380229;1974-06-21
740;4806174555253;1979-10-26
740;5207171458232;1979-10-26
741;4111027219156;1972-01-19
741;4410264560198;1972-01-19
742;6306047453200;1989-09-18
742;6503094832216;1989-09-18
743;4411161337201;1974-12-12
743;4809291052244;1974-12-12
744;5911016443198;1982-10-20
744;6303078460209;1982-10-20
745;5409036227190;1986-12-08
745;5805201600133;1986-12-08
746;4104302665175;1970-06-25
746;4412015558197;1970-06-25
747;3610255561206;1959-03-25
747;3908153784258;1959-03-25
748;6010098259254;1986-04-28
748;6308312878250;1986-04-28
749;6009140649205;1990-06-17
749;6303138610147;1990-06-17
750;5708128147235;1981-09-26
750;6104305384210;1981-09-26
751;4901135043202;1977-09-06
751;5109261130152;1977-09-06
752;6801197079330;1992-07-22
752;7004232482202;1992-07-22
753;6510022233162;1989-10-07
753;6812144170228;1989-10-07
754;6110251569242;1992-04-09
754;6309054450180;1992-04-09
755;5410098549267;1977-07-18
755;5808141048241;1977-07-18
756;4703273713201;1977-04-10
756;5011255400121;1977-04-10
757;5908293261269;1985-06-19
757;6211241422157;1985-06-19
758;5811011671191;1983-11-19
758;6005057652180;1983-11-19
759;4807257063248;1971-07-25
759;501221210296;1971-07-25
760;5710302879264;1980-10-08
760;5909116352213;1980-10-08
761;5411186453230;1975-10-11
761;5612106432164;1975-10-11
762;6401282557262;1987-12-07
762;6612277068299;1987-12-07
763;6304200773188;1985-09-11
763;6503140662203;1985-09-11
764;6304067021167;1996-09-11
764;6706281778312;1996-09-11
765;6008308747205;1983-05-26
765;6211153318193;1983-05-26
766;5603037185240;1982-04-23
766;5912053512185;1982-04-23
767;5611052449235;1984-09-10
767;6004178178260;1984-09-10
768;5106178221167;1978-06-22
768;5305313806164;1978-06-22
769;3407305773195;1962-06-04
769;3707075646231;1962-06-04
770;5407194451220;1982-08-09
770;5807084184277;1982-08-09
771;5602042087244;1978-07-05
771;5801104700130;1978-07-05
772;5912258309256;1983-03-05
772;6107244312152;1983-03-05
773;5909147523219;1991-04-21
773;6309261554225;1991-04-21
774;5210312663183;1980-10-05
774;5406076502165;1980-10-05
775;5405098771242;1985-08-05
775;5604123740166;1985-08-05
776;7307083119229;1999-06-26
776;7707203460204;1999-06-26
777;5903223257248;1983-07-08
777;6101247658236;1983-07-08
778;7011026867210;1999-09-05
778;7211152440171;1999-09-05
779;6303256839247;1993-04-16
779;6506087126233;1993-04-16
780;5803250351212;1981-05-16
780;6212297518245;1981-05-16
781;4406298673265;1972-08-13
781;4706196080253;1972-08-13
782;4404110363162;1965-09-04
782;4604200378222;1965-09-04
783;3209193307183;1963-06-01
783;3411118502118;1963-06-01
784;5005093831164;1982-11-25
784;5312176562220;1982-11-25
785;5905253713212;1984-07-27
785;6309278458280;1984-07-27
786;5103068675225;1981-02-16
786;5507075032192;1981-02-16
787;3908226755235;1962-12-05
787;4210056186221;1962-12-05
788;5402011289222;1976-09-03
788;5602073538235;1976-09-03
789;5710204169245;1987-12-23
789;6107187610169;1987-12-23
790;5110220179214;1976-02-11
790;5504294302194;1976-02-11
791;5512201649211;1980-10-18
791;5711234222183;1980-10-18
792;6007165301137;1991-01-13
792;6303078658258;1991-01-13
793;5301092021161;1986-01-17
793;5702088540217;1986-01-17
794;5808245061231;1990-07-21
794;6203094538234;1990-07-21
795;5401276635227;1987-03-24
795;5806250330190;1987-03-24
796;3901276303200;1972-01-03
796;4308097250196;1972-01-03
797;4805182813206;1975-05-22
797;5109236000118;1975-05-22
798;3412088573229;1963-09-30
798;3707074354220;1963-09-30
799;4501293715213;1969-09-22
799;4906134480223;1969-09-22
800;5111094303155;1974-05-01
800;5303143010124;1974-05-01
801;4309281033191;1964-07-03
801;4502091752205;1964-07-03
802;5206200651141;1974-01-03
802;5410122304136;1974-01-03
803;4807162159265;1972-06-26
803;5107045820128;1972-06-26
804;6304166289285;1993-08-24
804;6701312604178;1993-08-24
805;6003120387204;1985-10-24
805;6410292640214;1985-10-24
806;5604018087243;1983-02-15
806;5809247542232;1983-02-15
807;5911212127211;1983-03-10
807;6108071740164;1983-03-10
808;6008171307175;1986-05-03
808;6209294166267;1986-05-03
809;5312106009161;1981-11-18
809;5607254268271;1981-11-18
810;6007254217186;1984-04-24
810;6304191138238;1984-04-24
811;5006128111115;1975-12-25
811;5401073206176;1975-12-25
812;6503277707236;1987-09-25
812;6712265208241;1987-09-25
813;6705232883254;1996-08-17
813;7109191322189;1996-08-17
814;5611241471214;1986-01-19
814;6001247864212;1986-01-19
815;5803042051190;1986-01-06
815;6202104364176;1986-01-06
816;5103122127152;1977-02-12
816;5507226580214;1977-02-12
817;6101156747216;1985-10-12
817;6503267574269;1985-10-12
818;6904171535249;1992-10-16
818;7208021834165;1992-10-16
819;6006045401114;1987-07-31
819;6402178226228;1987-07-31
820;4503271261207;1970-12-24
820;4812023224168;1970-12-24
821;4002153759206;1969-01-29
821;4309193242199;1969-01-29
822;5606066629240;1985-07-23
822;5906108338233;1985-07-23
823;6201068069252;1988-06-19
823;6603203552190;1988-06-19
824;5207035287225;1982-05-25
824;5511084104181;1982-05-25
825;5007316183198;1973-11-28
825;5209181250183;1973-11-28
826;5907233525221;1988-04-03
826;6302216764209;1988-04-03
827;4803180143218;1973-06-05
827;5208301728178;1973-06-05
828;7309243863231;2002-10-29
828;7703207564241;2002-10-29
829;7204112085210;2003-11-29
829;7602136504188;2003-11-29
830;6209163865234;1992-09-24
830;6603087048268;1992-09-24
831;7401184507223;1998-02-02
831;7811020604171;1998-02-02
832;7904067449296;2001-07-14
832;8102252344207;2001-07-14
833;7003052315154;1995-09-04
833;7403065844223;1995-09-04
834;7007192619226;1999-08-17
834;7306144386256;1999-08-17
835;6003028317156;1986-06-12
835;6402106526176;1986-06-12
836;6107180843198;1984-08-23
836;6301263510159;1984-08-23
837;5610038189271;1977-07-09
837;5803037410159;1977-07-09
838;6807176313226;1991-11-11
838;7204180140183;1991-11-11
839;5204234057208;1979-11-13
839;5506213476229;1979-11-13
840;5902030557230;1991-07-01
840;6203310676216;1991-07-01
841;5007234145175;1972-05-16
841;5204051230130;1972-05-16
842;5912134721187;1982-05-04
842;6204082886256;1982-05-04
843;5202151467215;1978-12-04
843;5411180264226;1978-12-04
844;5808281805229;1983-08-24
844;6205203650151;1983-08-24
845;4210165153186;1971-03-29
845;4407022088219;1971-03-29
846;4904274313215;1974-07-19
846;5204051712131;1974-07-19
847;4101093083209;1971-09-28
847;4506215308176;1971-09-28
848;4207022157172;1973-08-28
848;4406127486232;1973-08-28
849;4808227849260;1972-08-09
849;5207305722147;1972-08-09
850;5612053025189;1988-11-25
850;5910310324194;1988-11-25
851;4806198607249;1978-07-12
851;5112124112116;1978-07-12
852;6306046335192;1987-06-28
852;6710255878301;1987-06-28
853;6606224547236;1988-03-15
853;6906170230210;1988-03-15
854;7709134243222;2001-02-14
854;7905118352233;2001-02-14
855;7103043565204;1995-11-20
855;7411023678243;1995-11-20
856;5611100247187;1985-08-21
856;5902058562242;1985-08-21
857;4012223611104;1968-09-04
857;4410254258235;1968-09-04
858;5104194601153;1983-09-10
858;5406235340172;1983-09-10
859;4005128325144;1961-08-31
859;4206223582188;1961-08-31
860;6502103503135;1993-10-15
860;6806237628256;1993-10-15
861;7006066157224;2003-07-05
861;7407063038232;2003-07-05
862;6810023871214;1992-07-19
862;7001148856220;1992-07-19
863;5704112789262;1978-12-15
863;5906263760244;1978-12-15
864;3609133783217;1959-04-27
864;3806038516190;1959-04-27
865;3604177751211;1965-08-11
865;400721181088;1965-08-11
866;4111274455210;1971-12-16
866;4512078256238;1971-12-16
867;2709198327242;1951-11-23
867;3007136156170;1951-11-23
868;5703181503191;1982-05-19
868;5907284466301;1982-05-19
869;5102040621113;1978-11-10
869;5312055582212;1978-11-10
870;6406197653253;1994-08-23
870;6607198558305;1994-08-23
871;5908092325241;1985-10-28
871;6305298334243;1985-10-28
872;3703065731177;1968-06-05
872;4108315368213;1968-06-05
873;2902230753195;1958-03-02
873;3303148052171;1958-03-02
874;3402077503153;1963-10-03
874;3611201710110;1963-10-03
875;4408038335182;1975-09-14
875;4801295350237;1975-09-14
876;6906186421235;1992-12-21
876;7310012800108;1992-12-21
877;6404084159263;1987-04-10
877;6604178760243;1987-04-10
878;4203078037202;1971-07-06
878;4406262574232;1971-07-06
879;4205091857223;1965-06-26
879;4609082702170;1965-06-26
880;6611077023209;1998-06-23
880;6903303226218;1998-06-23
881;5508053449235;1982-03-17
881;5806222288275;1982-03-17
882;5604244461214;1982-07-26
882;5911186602215;1982-07-26
883;6811088007243;1999-04-27
883;7205021330129;1999-04-27
884;5708233631190;1986-11-01
884;6003294860212;1986-11-01
885;5103123563167;1978-03-01
885;5309041524157;1978-03-01
886;5201224335169;1978-03-07
886;5503210382197;1978-03-07
887;4601227467239;1968-09-11
887;4905230662217;1968-09-11
888;6803228635237;1998-07-30
888;7006228342178;1998-07-30
889;6509288009259;1994-12-08
889;6712307116208;1994-12-08
890;4806088257274;1979-01-08
890;5201014154153;1979-01-08
891;5005158043175;1972-10-29
891;5304172108191;1972-10-29
892;6206114373189;1985-01-18
892;6404276046249;1985-01-18
893;5603072639241;1984-08-12
893;5908158066280;1984-08-12
894;3810256685270;1964-11-19
894;4211288210163;1964-11-19
895;3805186173256;1964-08-11
895;4110083332155;1964-08-11
896;4601170571212;1978-08-03
896;4904110202135;1978-08-03
897;4910308803182;1973-06-04
897;5211067082212;1973-06-04
898;6910126255243;1994-06-17
898;7304025140154;1994-06-17
899;6808240031198;1992-04-30
899;7202127656216;1992-04-30
900;6002036043152;1989-07-11
900;6312187140203;1989-07-11
901;6105142411129;1993-02-09
901;6410208658234;1993-02-09
902;4803055227214;1972-09-24
902;5001141656179;1972-09-24
903;4007230661149;1969-11-19
903;4409194558263;1969-11-19
904;6809181631227;1995-11-03
904;7102096108210;1995-11-03
905;5904192851250;1989-02-26
905;6106010824128;1989-02-26
906;3101248759220;1960-03-25
906;3505132174195;1960-03-25
907;3306264785240;1958-12-28
907;3511163664214;1958-12-28
908;5808256811204;1991-08-26
908;6202283872238;1991-08-26
909;5904147757271;1989-05-13
909;6303166236218;1989-05-13
910;3707193147250;1966-12-28
910;4110054808157;1966-12-28
911;4002124535140;1962-01-25
911;4201237676222;1962-01-25
912;4712163425207;1975-06-20
912;5108030748180;1975-06-20
913;4605046805172;1976-09-18
913;5003302224129;1976-09-18
914;6610032773217;1995-02-27
914;6912118142213;1995-02-27
915;6608131475239;1996-12-28
915;6901307708229;1996-12-28
916;7606263665275;2009-10-26
916;8004223634178;2009-10-26
917;5610262883257;1988-07-04
917;5902254736251;1988-07-04
918;5806136857257;1989-07-22
918;6206205776219;1989-07-22
919;5612083775262;1984-05-03
919;5905286346286;1984-05-03
920;7604286487326;2001-06-04
920;7808223612197;2001-06-04
921;6810236357267;1992-07-16
921;7003214256192;1992-07-16
922;5405044213150;1979-07-15
922;5703222274228;1979-07-15
923;4810214527204;1978-04-12
923;5003121318142;1978-04-12
924;4506267363236;1968-07-31
924;4902084068279;1968-07-31
925;3911250717212;1972-10-28
925;4306198772243;1972-10-28
926;3601053009177;1960-04-12
926;3810176584267;1960-04-12
927;4712290033219;1971-05-10
927;4903131412162;1971-05-10
928;4304043079224;1972-03-06
928;4509278618242;1972-03-06
929;4506113189238;1973-10-21
929;4805026864219;1973-10-21
930;5804245587292;1982-06-22
930;6110077184235;1982-06-22
931;4809248585283;1977-06-10
931;5003105542127;1977-06-10
932;7401124377242;1999-04-16
932;7703012612157;1999-04-16
933;6802220053210;1995-05-09
933;7102261450184;1995-05-09
934;6803068177292;1993-11-20
934;7106148586256;1993-11-20
935;7201147837220;1995-10-10
935;7607232650208;1995-10-10
936;6711148275268;1996-04-11
936;7109194430194;1996-04-11
937;5903313451210;1988-01-29
937;6303277844238;1988-01-29
938;5810087353250;1980-03-31
938;6005231560160;1980-03-31
939;6311184075254;1996-03-17
939;6703318822204;1996-03-17
940;7507235247246;2005-04-10
940;7710233816222;2005-04-10
941;7901195571289;2007-03-19
941;8110203834172;2007-03-19
942;7310166077268;2006-04-14
942;7706181578310;2006-04-14
943;7103248417205;1997-10-28
943;7412104322152;1997-10-28
